"cell_id","cell_aliases","cell_histology","cell_lineage","cell_source","cell_source_id","cell_type","gender","is_from_metastasis","lincs_status","metastatic_site","mutations"
"A375","A-375","melanoma","skin","ATCC","CRL-1619","cancer cell line","F",-666,"core",-666,"AKAP4, ASTN1, BIRC6, BRAF, C15ORF2, CHD1, CYP24A1, DNMT1, EDNRA, FGFR2, FN1, GPR112, HERC2, HGF, KALRN, LRP1, MAML3, MCF2, MECOM, MTOR, MYH9, NOTCH3, PDE4DIP, PRPF4B, PTPRD, ROBO2, RUNX1, SULF1, THBS3, TRIM36, TRRAP, TTN, UNC13C, ZNF331"
"A549",-666,"carcinoma,non-small cell","lung","ATCC","CCL-185","cancer cell line","M",-666,"core",-666,"ADAMTS19, AIM1, BRD3, CARD11, CBL, CHRNB4, DCLK3, EPHA1, F12, FH, FLT3, FUS, HIP1, HIPK3, KIAA1549, KRAS, LRP2, MAGEB16, MYO18B, PAK7, PEAK1, PLK1, SMARCA4, STK32A, SUFU, TNN, USP6"
"A673","A-673","sarcoma,Ewings,PNET","bone,muscle","ATCC","CRL-1598","cancer cell line","F",-666,"profiled",-666,"BRAF, BUB1B, CAMK2A, MAST2, MYH11, NAV3, PCDH15, PREX2, TTN"
"AGS",-666,"adenocarcinoma,gastric","stomach","ATCC","CRL-1739","cancer cell line","F",-666,"profiled",-666,"ADAMTS19, AFF1, APAF1, AR, ATP8B1, ATRX, BCL9, BMP4, BUB1B, CAMK1D, CASP8, CCDC6, CDH1, CDKL2, CHD5, CIC, CPNE5, CTNNB1, CUBN, CYP19A1, DCLK1, DST, EGF, EP300, EPHB1, ESR2, FANCI, FER, FLNA, GNAS, GPR112, GRIN2A, GRK5, HIP1, ITGAV, ITGB8, ITIH5L, ITPR1, KAT6A, KAT6B, KRAS, LGR5, LRP1, LRP2, MAMDC4, MATK, MDM2, MUTYH, MYH9, MYLK3, NAV3, NEK3, NEK5, NF1, NIN, NIPBL, NKD2, NPR1, NPR2, NUP153, PAK7, PCM1, PDGFRA, PIK3CA, PTPRD, RANBP17, RHOA, ROBO2, RPS6KA3, RPS6KA6, SACS, SLK, SMURF1, SNRK, SOCS3, SOS1, SPEG, STK38L, TAB2, TAOK3, TEC, TLR9, TMPO, TPR, TRIM24, TRPM6, TRRAP, TTN, UBR5, URB2, WNK1, ZNF217"
"ASC","ADIPOCYTES","normal primary adipocyte stem cells","adipose","Jeffery Gimble, PBRC",-666,"primary",-666,-666,"core",-666,""
"BT20","BT-20","carcinoma,ductal","breast","ATCC","HTB-19","cancer cell line","F",-666,"profiled",-666,"ALS2, BCL10, BIRC6, BLK, BRCA2, CDKN2C, COL1A1, CSMD3, CYFIP1, EPHA5, EPHA6, ESR2, FANCF, GPR119, GRIN2A, HIPK3, ITPR2, KAT6B, LIFR, LRP1B, MALT1, MAP3K13, MLH1, MYH1, NPR2, NRK, NSD1, PIK3CA, PKHD1, PPARGC1A, PTPRC, RAG1, RAP1GDS1, RB1, ROCK2, THBS3, TNFRSF11B, TP53, TTN, VAV1, VPS13B, WNK1"
"CD34",-666,"progenitor cells","bone marrow",-666,-666,"primary","",-666,-666,-666,""
"CL34","CL-34","carcinoma","large intestine","DSMZ",-666,"cancer cell line","F","N","profiled",-666,"ABCA3, ACSL6, ADAM22, ADAMTS20, AFF4, APAF1, APC, ARAF, ARFGEF1, ARHGEF10, ARHGEF7, ATM, ATP8B1, ATRX, BAG6, BRAF, C15ORF2, CACNA1F, CARD10, CASP2, CCDC50, CDC25C, CDH2, CDKN2B, CNTN5, COL14A1, COL3A1, DBN1, DDR1, DIP2C, DLL4, DNAH8, EIF2AK4, EIF4G1, ELL, EWSR1, F8, FAM123B, FANCE, FBN2, FES, FGFR3, FLNA, FLNB, FMN2, GLI1, HDAC1, HECW1, HNF1A, HSP90AB1, HUNK, IGFBP5, IL21R, ITIH5L, KALRN, KIAA1804, KTN1, LAMA1, LDHA, LPP, LRP1, MAFB, MAPK15, MAPK9, MAST3, MLH1, MLL3, MLLT3, MTUS2, MYH10, N4BP2, NCKIPSD, NOS3, NOTCH3, NPR1, NPR2, NUP214, OBSCN, PAK6, PAK7, PARP1, PDE4DIP, PDZRN4, PIK3C2B, PIK3C2G, PIK3R1, PIP5K1C, PLCB2, PORCN, PRKDC, PRRX1, PTPRU, PXK, RAD21, RAD50, RELA, RICTOR, SMAD2, SOCS3, SPTAN1, STAR, SULF1, TAF1, TAF15, TBX22, TCERG1L, TET1, TEX14, TG, TGFBR2, TIAM1, TNIK, TNRC6B, TP53, TP53BP1, TRIM37, TRPS1, TSC1, TTN, TWF2, TYRO3, UNC13C, VPS13B, WNK2"
"CORL23","COR-L23","carcinoma,large cell","lung","ECACC",-666,"cancer cell line","M",-666,"profiled",-666,"AATK, ABCA3, ADAMTS2, ADAMTS20, ALK, ALPK2, AURKB, CARD9, CXCL9, DST, ERCC6, FBLN5, FES, GATA1, HAPLN1, INSRR, KRAS, LMNB2, LMTK2, MAP2K5, MAP4K1, MTUS2, NAV3, PCM1, PDCD11, PHF3, PTPRD, RPS6KA1, SLC45A3, SMARCA4, TGFB2, TIAM1, TLX1, TSHR, XPA"
"COV644",-666,"carcinoma","ovary","ECACC",-666,"cancer cell line","F","N","profiled",-666,"ATP8B1, AXL, BIRC6, CCDC50, CNTN6, E2F1, ICK, LRP1, MAP2K4, MDM2, MGA, MYH11, NCOA2, NEK4, OBSCN, PKN1, RIPK3, RPS6KA4, STK3, TSC2, TSHR, TTN, URB2, ZMYM2"
"DV90","DV-90","carcinoma","lung","DSMZ",-666,"cancer cell line","M",-666,"profiled",-666,"ACACB, ACVR2A, ADAMTS18, ADRBK1, AFF1, ALK, ATP11A, B3GALT6, BAP1, BRCC3, CAMK4, CASP8, CBFA2T3, CD79B, CDC25A, CDC34, CDC42BPB, CIC, CIITA, CPAMD8, CREBBP, CSMD3, CSNK1G3, CUBN, CYP27B1, DAB1, DGKB, DIP2C, DUSP6, DYRK1B, EHBP1, ELAVL1, EPHB3, EPS15, ERBB2, ERBB3, ERC1, ERCC4, ERN1, F8, FANCM, FER, FLNB, GATA2, GHR, GLG1, GLI2, GLTSCR1, GRIK1, GRIN2A, HBD, HGF, HNRNPA2B1, HOXC13, HUNK, IL6ST, IRF4, IRS1, ITGA10, ITGB6, ITPR1, JAG2, KAT7, KIAA1549, KIAA1804, KRAS, KSR2, LAMA1, LCP1, LMNB2, LRP1B, LRRK2, MAP3K4, MAP3K9, MAP4K2, MGA, MLL3, MLLT1, MLLT4, MLLT6, MN1, MYH11, MYH9, MYLK3, MYO18B, MYT1, NEK1, NIPBL, NLRP3, NOTCH3, NYNRIN, OBSCN, PAX7, PBK, PDE4DIP, PDPK1, PHIP, PIK3CB, PIP5K1B, PKN1, PML, PORCN, PRKACB, PRKCE, PRKCH, PRPF4B, PSIP1, PSKH2, PTCH1, PTGS2, PTPRC, RAD50, RBPJ, RECQL4, RGL1, RIF1, RIMS2, RPTOR, SCYL3, SEPT6, SHC1, SIK3, SIRT1, SLK, SMARCA4, SMURF2, SORL1, SOX10, SOX2, SP110, SPEN, SYK, TBCK, TLR3, TLR4, TNFRSF1A, TNFRSF1B, TP53BP1, TRAF2, TRIP11, TSC2, TTN, TYK2, UNC13C, VRK2, VRK3, WAS, WHSC1, WHSC1L1, WNK2"
"EFO27","EFO-27","mucinous carcinoma","ovary","DSMZ","ACC191","cancer cell line","F",-666,"profiled",-666,"ABL2, ACACB, ACSL6, ADAM12, ADAMTS20, AFF3, AKAP9, ALK, ALPK2, ANAPC5, ARHGEF10, ARID1A, AXIN1, BAG4, BAI1, BCL11A, BCL3, BCL9, BRD3, BRDT, BRSK1, BRSK2, CAMKK1, CCDC165, CDH11, CDK2, CDKN2A, CHD1, CHD5, CHD8, CLK2, CLK3, CREBBP, CSNK1E, CTNNA2, CYP1B1, DAPK2, DDB2, DGKG, DST, DSTYK, DTX1, EGF, EHBP1, EPHA10, EPHA5, EPHA6, EPHA7, ERBB2, ERCC6, ERN1, FANCA, FANCI, FANCL, FGF20, FLNA, FLNC, FSCB, GLI2, HDAC6, HEPH, HORMAD1, HSP90AB1, ITPR2, JAG2, KIAA2022, KTN1, LMTK3, LNX2, LRP1, LRP1B, LRP6, MAK, MAP3K10, MAP3K3, MAPK12, MAPK3, MBIP, MCM4, MDM2, MKNK1, MLL, MSH2, MSH5, MYH9, MYT1, NCAM1, NF1, NLRP3, NRK, NUP98, NYNRIN, OSR1, PASK, PDZRN4, PIK3C2B, PIK3C2G, PIK3R1, PIK3R4, PLCG1, PLCG2, PLK2, PLK3, PRKAA2, PRKCA, PRPF4B, PTPRT, PXDN, RAF1, RBPJ, RHOH, RIMS2, ROR2, SLC14A1, SLK, SOCS3, SPEN, STAT3, STK3, STK36, SULF2, TET1, TFRC, TIAM1, TP53, TRIM28, TRIM36, TSSK2, TTK, TTN, VRK3"
"FIBRNPC","NPC-8330-8 FIBROBLASTS","normal primary ","CNS,iPS",-666,-666,"primary",-666,-666,"profiled",-666,""
"H1299",-666,"carcinoma","lung",-666,-666,-666,-666,-666,"",-666,""
"HA1E",-666,"normal kidney","large intestine,rectum",-666,-666,"immortalized normal",-666,-666,"core",-666,""
"HCC15","HCC-15","carcinoma,squamous cell","lung","DSMZ","ACC496","cancer cell line","M","N","profiled",-666,"ADAMTS2, ADAMTSL3, AKAP6, ALPK3, APC, ARFGEF1, ARHGDIB, ARHGEF12, ASPSCR1, BCL11B, BIRC6, BMP2K, C15ORF2, CASC5, COL3A1, CSMD3, CTNNB1, DNAH8, EHBP1, EP300, ERBB4, FBN2, GPR141, GRIN2A, HBD, HOXD11, ITGAV, LRP1B, MET, MGA, MKRN3, MMP20, MMP8, MYH10, MYO18B, NFKB2, NLRP3, NR3C1, NRAS, OBSCN, PAPPA, PASK, PCDH15, PDZRN4, PNCK, PRDM16, PREX2, PXDN, RAG1, RB1, RIMS2, RIPK1, RUNX1T1, SKIL, SMG1, STK10, SULF2, TG, TP53, TRIM33, TRIP11, TRPS1, TSSK2, TTN, VPS13B"
"HCC515",-666,"carcinoma","lung",-666,-666,"cancer cell line",-666,-666,"core",-666,""
"HCT116","HCT 116","carcinoma,colorectal","large intestine,colon","ATCC","CCL-247","cancer cell line","M",-666,"profiled",-666,"ACACA, ADAM18, ADAMTS19, AFF3, AFF4, AKAP4, ALPK1, ALS2, ARFGEF1, ASPSCR1, ATIC, ATP11A, ATRX, AXL, BAI1, BCKDK, BCL11A, BCL9, BRCA2, C15ORF2, C15ORF55, C9ORF96, CACNA1F, CASP2, CCR1, CDH1, CDK12, CDK14, CDKL2, CDX2, CHD1, CHD8, CHEK2, CNTN5, CNTRL, COL1A1, COL3A1, CTNNB1, CXCR4, CYP27B1, DAB1, DACH1, DDR2, DICER1, DLC1, DST, DSTYK, EEF1D, EIF4EBP1, EP300, EPHA5, ERBB3, FASN, FBN1, FBN2, FGF4, FGFR1, FGFR2, FLT3, FLT4, FN1, FOS, FURIN, GLG1, GNAS, GPR112, GRK4, HDLBP, HERC2, HIPK2, IDH1, IL2RA, ISG15, ITGB1, ITPR2, KALRN, KAT6B, KIAA1549, KRAS, LATS1, LCK, LCP1, LMNB2, LMTK2, LMTK3, LRP1, LRP1B, LRP2, LRP6, LRRC7, LRRK2, MAP3K1, MAP3K2, MAP3K8, MAP4K4, MAP4K5, MAPK11, MAPK9, MARK3, MAST4, MASTL, MDM4, MECOM, MEF2A, MERTK, MET, MLH1, MLL3, MLLT4, MYLK, N4BP2, NCAPD3, NCOA1, NCOA2, NEDD8, NF1, NIM1, NIN, NLRP6, NR3C1, NTRK3, OBSCN, ODZ1, OR4E2, PCDH15, PCSK7, PDE4DIP, PDGFB, PDZRN4, PHF3, PICALM, PIK3CA, PIK3CD, PIK3R4, PINK1, PIP5K1C, PIP5KL1, PKN2, PLCG1, PLD1, PLEKHA5, PLK4, PREX2, PRKACB, PRKCB, PRKCG, PRKCI, PRKD1, PRKDC, PTPRT, RARB, RASGRF1, REL, RHPN2, RIPK3, ROBO2, ROS1, RUNX1T1, SEMA3B, SIK3, SLK, SMC2, SMO, SMURF1, SPP1, SPTAN1, SS18, STAT1, STAT5B, STIL, STK25, TAF1L, TBX18, TFPT, TIAM1, TNFRSF9, TNK2, TNKS2, TOP2A, TOP2B, TOX, TRIM24, TRIM42, TRIP11, TRRAP, TSHR, TTN, TWF2, TXK, UNC13C, WNK1, WRN, ZAK, ZMYM2, ZNF331, ZNF423"
"HEC108","HEC-108","carcinoma","endometrium","HSRRB",-666,"cancer cell line","F","N","profiled",-666,"AAK1, ABCA3, ABCC3, ABCC4, ABL1, ACACA, ACACB, ACSL6, ACVR1, ACVR1B, ACVR1C, ACVRL1, ADAM10, ADAM17, ADAM18, ADAM32, ADAMTS20, ADAMTSL3, ADCK2, ADRBK1, ADRBK2, AFF3, AIM1, AKAP12, AKAP6, AKT3, ALPK1, ALPK3, ANAPC5, ANKK1, APAF1, APBB1IP, APC, AR, ARAF, ARFGEF1, ARHGAP26, ARHGAP29, ARHGEF10, ARID1A, ARNT, ASTN1, ATF1, ATM, ATP10A, ATP11A, ATP8B1, ATR, ATRX, AURKA, AXIN1, BAG6, BAI3, BCL6, BCL9, BIRC6, BLK, BLM, BLNK, BMF, BMPR1A, BMPR1B, BMPR2, BRCA2, BRD2, BRSK1, BRSK2, BTG1, BTK, BTRC, C15ORF55, C6ORF97, CAD, CAMK1D, CAMK2B, CAMKK1, CAMKK2, CAMKV, CARD10, CARD11, CARD9, CARS, CASC5, CASP2, CASP4, CASP8, CASP9, CATSPERB, CBL, CCNA2, CCND1, CCNG1, CCR5, CD44, CD79A, CDC25A, CDC42BPA, CDC42BPG, CDC7, CDC73, CDH1, CDK11B, CDK12, CDK19, CDKL5, CDKN1A, CDKN2C, CHD1, CHD8, CHD9, CHEK1, CHL1, CHN1, CIC, CIITA, CIT, CLP1, CLTC, CNTN5, CNTN6, CNTRL, COL18A1, COL1A1, COL3A1, CREBBP, CSMD3, CSNK1A1L, CSNK1G2, CTBP1, CTBP2, CTLA4, CTNNB1, CTSS, CUBN, CXCR1, CYFIP1, CYP27B1, CYP2B6, CYP3A4, DAPK1, DBF4, DDR2, DGKB, DIP2C, DLC1, DLL1, DLL4, DMPK, DNAH8, DRD2, DST, DTX1, DUSP6, DYRK1A, DYRK1B, ECM1, EEF1D, EGF, EGFR, EIF2AK3, EIF2AK4, EIF3A, EIF4A2, EIF4G1, ELAVL1, ELN, EML4, EP300, EPHA1, EPHA2, EPHA5, EPHA6, EPHB2, EPHB3, EPHB4, EPHB6, EPS15, ERBB4, ERCC3, ERCC4, ERN1, ESR2, FANCL, FANCM, FBLN5, FBN1, FBN2, FBXW7, FGFR1, FGFR1OP, FGFR4, FGR, FLI1, FLNA, FLNB, FLNC, FLT1, FLT3, FMN2, FN1, FNBP1, FOXO1, FOXO3, FRK, FZD1, GATA2, GCNT2, GHR, GLG1, GLI1, GLTSCR1, GMPS, GNAS, GPR112, GRAMD1B, GRB7, GRIN2A, GRK1, GRK6, GRK7, GUCY2D, HAPLN1, HDAC2, HDAC4, HDAC6, HDLBP, HECW1, HERC2, HGF, HIF1A, HIPK1, HIPK2, HIPK3, HLF, HMGA1, HMMR, HNF1A, HORMAD1, HOXD13, IDH1, IFNB1, IGF1R, IKBKB, IKZF1, IKZF3, IL1R2, ING1, INPP5D, INSR, IRAK2, IRAK3, IRAK4, IRS2, ITGAV, ITGB1, ITGB4, ITK, ITPR1, ITPR2, JAG1, JAG2, JAK2, JAK3, KALRN, KAT6A, KAT6B, KAT7, KCNH2, KDM6A, KDR, KIAA2022, KTN1, LAMA1, LCK, LIMK2, LMNA, LMNB2, LMTK3, LOC100130776, LRP1B, LRP2, LRRC7, LRRK1, LRRK2, LYL1, MALT1, MAML2, MAP3K1, MAP3K12, MAP3K13, MAP3K2, MAP3K3, MAP3K4, MAP3K6, MAP3K7, MAP3K8, MAP4K3, MAPK10, MAPK3, MAPKAPK2, MARK3, MAST2, MAST4, MCL1, MCM4, MDM4, MECOM, MED13L, MEF2A, MET, MGA, MINK1, MKL1, MLL, MLL3, MLLT10, MLLT4, MLLT6, MMP1, MMP2, MMP8, MMP9, MN1, MNX1, MRE11A, MSH2, MSH6, MTOR, MUSK, MYC, MYH1, MYH10, MYH11, MYLK, MYLK4, MYO3A, N4BP2, NACA, NAV3, NCAM1, NCAPD3, NCOA3, NEDD8, NEDD9, NEK1, NEK10, NEK3, NEK8, NF1, NFKB2, NIN, NLRP1, NLRP3, NLRP6, NOS2, NOTCH1, NOTCH2, NOTCH4, NPAT, NR1H3, NRK, NSD1, NTRK3, NUAK2, NUMA1, NUP133, NUP153, NUP214, NUP98, NYNRIN, OBSCN, ODZ1, OR4E2, OXSR1, PAK2, PAK3, PAK7, PALB2, PAPPA, PARP9, PATZ1, PAX5, PAX7, PAXIP1, PBX1, PCDH15, PCM1, PDCD11, PDE4DIP, PDGFRA, PDK1, PEAK1, PER1, PGR, PHIP, PHOX2B, PI4KA, PIK3C2B, PIK3CB, PIK3CG, PIK3R1, PIK3R4, PIKFYVE, PIP4K2A, PIP4K2B, PIP4K2C, PIP5K1B, PKHD1, PKN1, PKN2, PKN3, PLCG1, PLCG2, PLK2, PLK3, PLK4, PML, POU5F1, PPARA, PPARD, PPARG, PPARGC1A, PPP3CA, PRAME, PRCC, PREX2, PRKACB, PRKCA, PRKCD, PRKCE, PRKCG, PRKCI, PRKCZ, PRKD1, PRKD3, PRKDC, PRKG1, PRPF4B, PSEN2, PSIP1, PTEN, PTK2, PTK7, PTPN11, PTPRC, PTPRD, PTPRU, PXDN, RAD50, RAG1, RALA, RALGDS, RAP1GDS1, RAPGEF2, RARA, RASA1, RASGRF2, RB1, RBL1, RBL2, RCBTB2, RECQL4, RFC4, RGL1, RGL2, RICTOR, RIF1, RIMS2, RIOK1, RIOK2, RIOK3, RIPK2, RIPK4, RNASEL, RNF130, ROBO1, ROBO2, ROCK2, ROS1, RPGRIP1, RPS6, RPS6KA1, RPS6KA2, RPS6KA6, RPS6KB2, RPS6KC1, RUNX1T1, SACS, SBK1, SCARA5, SCD5, SCYL3, SERPINB1, SGK196, SGK2, SGK494, SH3GL1, SHC1, SIK1, SIK2, SIRT1, SLC22A3, SLC29A1, SLK, SMAD2, SMAD4, SMARCA4, SMG1, SNRK, SNX19, SOCS3, SORL1, SOX10, SOX2, SPEG, SPEN, SPP1, SRPK1, SRPK3, SS18L1, STARD3, STAT1, STAT5B, STIL, STK10, STK19, STK24, STK31, STK38, STRADB, SULF2, TAOK2, TBK1, TBX18, TBX22, TCF21, TCF3, TET1, TET2, TEX14, TFR2, TG, TGFB2, TGFBR2, TGS1, THRAP3, TIAM1, TLK2, TLN1, TLR4, TLR9, TLX1, TNFAIP3, TNFRSF11B, TNFRSF13B, TNIK, TNK1, TNN, TNNI3K, TNRC6B, TOP1, TOP2A, TOPBP1, TOX, TP53, TP53BP1, TP73, TPR, TRAF2, TRAF6, TRIB2, TRIB3, TRIM37, TRIM42, TRIO, TRIP11, TRPM6, TRPM8, TRPS1, TRRAP, TSC2, TSSK3, TTN, TYK2, UBE2O, UBE3B, UBR5, ULK2, ULK4, UNC13C, UNC79, URB2, USP6, VCPIP1, VPS13B, WAS, WDHD1, WHSC1, WIF1, WNK1, WNK4, WRN, XPC, XPO4, YAP1, YES1, YSK4, YWHAH, ZBTB16, ZFYVE9, ZMYM2, ZNF217, ZNF331, ZNF423, ZNF521, ZNF608"
"HEK293T",-666,"embryonal kidney","kidney",-666,-666,-666,-666,-666,"profiled",-666,""
"HEKTE",-666,-666,-666,-666,-666,-666,-666,-666,"profiled",-666,""
"HEPG2",-666,"carcinoma,hepatocellular","liver","ATCC","HB-8065","cancer cell line","M",-666,"core",-666,"ADAMTSL3, ATM, BCAR1, BMPR1A, BRDT, CDH2, CNTN6, CUBN, DVL1, FMO4, FURIN, INSRR, KDR, LAMP1, LIMK1, LRP2, MAMDC4, MAP4K3, MAPK4, MYH9, NEK8, NIPBL, NRAS, PHKG2, PIK3R2, PREX2, RBL1, TNFSF11, TTN"
"HL60","HL-60","leukemia,acute promyelocytic","haematopoietic,lymphoid","ATCC","CCL-240","cancer cell line","F",-666,"",-666,""
"HS27A",-666,-666,-666,-666,-666,-666,-666,-666,"profiled",-666,""
"HS578T","HS 578T","carcinoma,ductal","breast","ATCC","HTB-126","cancer cell line","F",-666,"profiled",-666,"ABL1, CASP3, DBF4, EDNRA, EEF2K, EPHA10, FLT1, GMPS, HNF1A, KALRN, KIAA1549, NF1, OBSCN, PDE4DIP, PIK3R4, PLCB2, PPP3CC, PRKAA1, SIK3, SULF1, TP53, TTN"
"HT115","HT115","carcinoma","large intestine,colon","ECACC",-666,"cancer cell line",-666,"N","profiled",-666,"ABCA3, ACVR2A, ADAM10, ADAM18, ADAM22, ADAM28, ADAM32, ADAMTS19, ADAMTS20, ADK, AFF3, AGAP2, AKAP6, AKAP9, ALPK2, APBB1IP, APC, ARFGEF1, ARHGAP26, ATF2, ATM, ATP10A, ATP13A5, ATR, ATRX, AURKC, BAI1, BAI3, BCL2L1, BCL6, BIRC6, BMF, BMI1, BMP2K, BMPR1A, BMPR1B, BRAF, BRCA1, BRCA2, BRD3, BUB1, BUB1B, C15ORF2, C6ORF97, CACNA1F, CACNB2, CAD, CAMK4, CASC5, CASP1, CATSPERB, CBL, CCDC6, CCR4, CCR5, CDC25C, CDC42BPA, CDC42BPB, CDC42BPG, CDC73, CDH1, CDH2, CDH3, CDK12, CDK19, CDK8, CDKL2, CHD5, CHD8, CHIC2, CHL1, CIT, CLP1, CLTC, CLTCL1, CNTN5, CNTRL, COL1A1, CPAMD8, CREBBP, CSF1R, CSMD3, CSNK2A1, CSNK2A2, CTLA4, CTNNA2, CTSL1, CTSL2, CUBN, CYP1A2, CYP1B1, CYP27B1, DCLK1, DCLK2, DDR1, DDX10, DFFB, DFNA5, DGKB, DICER1, DIP2C, DLC1, DNAH8, DOCK3, DRD2, DST, DSTYK, DYRK1A, EDNRA, EDNRB, EHBP1, EIF2AK2, EIF3A, EIF3H, EIF4G1, EIF5A2, EPHA10, EPHA4, EPHA5, EPHA8, EPHB1, EPHB2, EPHB3, EPHB4, EPHB6, EPS15, ERBB4, ERC1, ERCC2, ERCC4, ESR1, ETV5, EXT2, F12, F8, FAM118A, FANCC, FANCI, FANCM, FBN1, FBXO43, FBXW7, FGR, FLNC, FLT3, FLT4, FMN2, FN1, FNBP1, FRK, FYN, GAK, GCK, GHR, GLI3, GLYAT, GLYATL2, GNAQ, GNAS, GNRH1, GPHN, GPR112, GPR87, GRIK1, GRIN2B, GUCY2C, HAPLN1, HDAC3, HERC2, HGF, HIP1, HIPK2, HNRNPH1, HOXC11, HSP90B1, IFNG, IKBKB, IL17RD, IL1B, IL1R1, IL1RAP, INHBA, INPP4B, INSRR, IRAK3, ITGB4, ITGB8, ITK, ITPR1, ITPR2, JAK2, KAT6A, KAT6B, KDM5A, KDR, KIAA1549, KIAA1804, KIAA2022, LAMA1, LATS1, LDLR, LETM2, LGR5, LIFR, LMTK2, LRGUK, LRP1, LRP1B, LRP2, LRRK1, LRRK2, MAML2, MAP2K3, MAP3K12, MAP3K4, MAP3K9, MAP4K5, MAPK14, MAPK6, MAPK8IP2, MAPKAPK5, MARK2, MCF2, MDM2, MDM4, MET, MGA, MLF1, MLL, MLL3, MMP8, MMP9, MN1, MPL, MSH3, MSH5, MSH6, MSI2, MTOR, MUSK, MYH10, MYH9, MYLK, MYLK2, MYO18B, MYO3A, MYT1, N4BP2, NAV3, NCOA3, NEDD9, NEK1, NEK11, NEK4, NEK6, NEK9, NF1, NFIA, NIN, NIPBL, NLK, NLRP3, NOS2, NOTCH2, NOTCH4, NOVA1, NPAT, NPR1, NR2F1, NR4A3, NRAS, NTRK1, NTRK3, NUMA1, NUP98, OBSCN, ODZ1, OR4E2, OSR1, OXSR1, P2RX7, PABPN1, PAK1, PAK7, PAPPA, PARP9, PCDH15, PCM1, PDE4DIP, PDGFRA, PDGFRB, PEAK1, PGR, PHF3, PHIP, PHOX2B, PIGU, PIK3C2A, PIK3C3, PIK3CA, PIK3CB, PIK3CD, PIK3CG, PIK3R4, PKHD1, PLD1, PLK2, PMS2, PPP1R3A, PPP3CB, PREX2, PRKAA2, PRKCA, PRKCB, PRKCI, PRKD1, PRKDC, PRKG1, PRPF4B, PSIP1, PTCH2, PTGS2, PTK2, PTPN11, PTPN22, PTPRT, PTPRU, PXK, RAD50, RAG1, RALBP1, RANBP17, RASGRF2, RBBP8, RBL1, RBM15, RGS22, RIF1, RIMS2, RIPK1, RNASEL, ROBO1, ROBO2, ROCK1, ROCK2, ROR1, ROR2, RPN1, RPS6KA1, RPS6KA5, RPS6KC1, RUNX2, SACS, SCYL2, SFPQ, SGK3, SHC1, SIX4, SLC45A3, SLK, SMAD2, SMAD3, SMC2, SMG1, SMO, SNX19, SORL1, SOS1, SPEN, SPTAN1, SS18, STAR, STK10, STK17B, STK31, STRADA, TAF1L, TAOK1, TET1, TFG, TG, TGFBR2, TLK1, TLR7, TLR9, TNFRSF17, TNFRSF1A, TNIK, TNN, TOP2A, TOPBP1, TOX, TP53BP1, TP53RK, TPO, TPR, TRIM36, TRIM42, TRIO, TRIP11, TRPM6, TRRAP, TSC1, TSSK1B, TTN, TUFT1, UBR5, ULK2, ULK4, UNC13C, URB2, VPS13B, VRK1, WDHD1, WHSC1L1, WIF1, WNK1, WNK3, XPO4, ZAP70, ZBTB16, ZNF217, ZNF331, ZNF521, ZNF643"
"HT29","HT-29","adenocarcinoma,colorectal","large intestine,colon","ATCC","HTB-38","cancer cell line","F",-666,"core",-666,"ACACB, APC, ARHGEF7, ASTN1, AXL, BRAF, BRD3, CDC42BPB, CDKL5, CHD9, CHUK, CYB5R4, CYP2B6, DYRK3, E2F1, EPHA2, EPHA8, EPHB4, ETV6, FANCM, FMN2, GOLGA5, HOXD10, HSP90AA1, HSPB1, ITGA7, LRRC7, MAML3, PAX8, PIK3CA, POU2AF1, PRDM16, PXK, SMAD4, SPEG, SPEN, TP63, TRIM24, TTN, WRN, ZNF423"
"HUH7","HUH-7","carcinoma,hepatocellular","liver","HSRRB",-666,"cancer cell line","M",-666,"profiled",-666,"ADAMTSL3, ADCK4, CCDC165, CDK13, CHL1, CUBN, DNAH8, EPHB6, FAM123B, FMN2, GLG1, GRK1, GRK7, HIPK4, IL17RD, INSR, KIAA1804, LRRK1, MAP4K5, MCM4, MLL3, MYH1, MYH10, MYH9, NOTCH1, OBSCN, PDZRN4, PGR, PIK3C2G, PTPRC, ROS1, STARD3, SYK, TGS1, TP53, TPR, UBR5, ZNF423"
"JHUEM2","JHUEM-2","carcinoma","endometrium","RIKEN",-666,"cancer cell line","F","N","profiled",-666,"ADARB2, ADK, ARID1A, ATP10A, BAG6, BLM, BRCA1, BRCA2, CACNB2, CAD, CASP3, CASP6, CCDC165, CCR4, CDC42BPG, CDK12, CDK13, CDKN2A, CHL1, CIT, CLP1, CLTC, CSMD3, CTNNB1, CYFIP1, DAPK1, DCLK3, DLL1, DOCK3, EHBP1, EIF3A, ERCC5, EWSR1, FGFR2, FGR, FLCN, GLI1, GLI2, GRAMD1B, GRIN2A, GRK7, HDAC6, HDLBP, HOXC13, HSP90B1, IKBKB, IL21R, IRAK2, ITGA10, JAG1, JAK3, JARID2, KALRN, KDM5A, KSR2, LCK, LHFP, MAP3K7, MAPK3, MED13L, MGA, MLKL, MLLT6, MMP1, MSH6, MYT1, NAV3, NCAM1, NOTCH2, NOV, NSD1, ODZ1, PAXIP1, PGR, PI4K2B, PIK3CA, PIK3CD, PIK3R1, PKHD1, PRKACA, PTK2B, PTPRC, PXK, RAC1, RECQL4, REL, RIPK4, ROR2, ROS1, RPS6KA4, SCRIB, SMURF2, STRADB, TBX18, TFG, TRAF2, TRIM67, TRPS1, TTBK2, TTN, WNK2, ZMYND10, ZNF521"
"JURKAT",-666,"leukaemia,acute lymphoblastic B cell","haematopoietic,lymphoid","DSMZ","ACC282","cancer cell line","M","N","",-666,""
"LOVO",-666,"adenocarcinoma,colorectal","large intestine,colon","ATCC","CCL-229","cancer cell line","M","Y","profiled","lymph_node,left_supraclavicular","ACACA, AFF4, AIFM3, AIM1, AKAP9, AKT2, APAF1, APC, ARID1A, ATP8B1, AXIN2, BAG6, BAI3, BCL10, BIRC6, C6ORF97, CAD, CAMKK2, CASC5, CASP8, CCDC165, CD160, CDC25A, CDC42BPA, CHD1, CHL1, CIT, CLTC, CNTRL, COL3A1, CREB1, CREBBP, CRTC1, CSF3, CSNK1G3, CSPG4, CTBP2, CUBN, CYB5R4, DDB2, DDR1, DLC1, DPYD, DST, EEF1D, EHBP1, EIF2AK3, EIF3A, EPHA3, EPHA6, EPHB4, ERBB4, ERCC3, ERG, FBN1, FBXW7, FGF19, FGFR3, FLCN, FLT1, FLT4, FURIN, GLG1, GMPS, GOLPH3, GRK7, GUCY1A2, HDAC4, HECW1, HSF1, HSP90AA1, HUNK, IDH1, INPP5D, IRS1, ITGA10, ITGB4, JAG1, JARID2, KIAA1549, KIAA1804, KRAS, LAMP1, LATS2, LIMK1, LMNA, LMTK2, LRGUK, LRP1, LRP1B, LRP6, MAK, MALT1, MAP2K7, MAP4K4, MAPK8IP2, MAST2, MED13L, MEN1, MKL1, MKRN3, MLKL, MLL3, MLLT3, MN1, MPPED2, MSH3, MYH1, N4BP2, NBN, NCAPD3, NEK11, NEK5, NEK9, NF1, NIPBL, NLRP1, NOS2, NOS3, NUP214, NYNRIN, OBSCN, PAK4, PAX5, PDE4DIP, PGAP3, PIK3CB, PIP4K2B, PLCB2, PLEKHA5, PMS1, PPP1R3A, PRCC, PREX2, PRKG1, PRPF4B, PTPRU, PXDN, PXK, RAF1, RAPGEF2, RBPJ, RECQL4, REM1, RGS22, RHPN2, RIMS2, RIPK3, RIPK4, RNASEL, ROCK2, SGK3, SIK2, SIK3, SMAD2, SMO, SPEG, SPEN, STAR, STK19, STK36, STK39, STK40, TCERG1L, TESK2, THBS3, THRAP3, TIE1, TLR3, TNFAIP3, TPM4, TPR, TRIO, TRPM8, TSHR, TSSK1B, TTN, UBE3B, UNC13C, USP6, WNK1, WNK2, ZNF331, ZNF384, ZNF497"
"MCF10A",-666,"carcinoma","breast","ATCC","CRL-10317",-666,-666,-666,"profiled",-666,""
"MCF7",-666,"carcinoma","breast","ATCC","HTB-22","cancer cell line","F","Y","core","pleural_effusion","BCR, EPHA5, ERBB4, ERCC6, MAP3K13, MYH9, NLRP1, PIK3CA, PTPRD, TCERG1L, TNIK, TTN, WNK2"
"MCH58",-666,-666,"fibroblast","CellBank, Montreal Children's Hospital",-666,"immortalized","M",-666,"profiled","human skin fibroblast",""
"MDAMB231","MDA-MB-231","carcinoma","breast","ATCC","HTB-26","cancer cell line","F","Y","profiled","pleural_effusion","ABCA3, ADAMTS19, ALPK2, ATP11A, BAI3, BRAF, CASP6, CDC42BPA, CDH2, CLTCL1, DYRK2, HMMR, KRAS, KSR2, LRP1B, LRRK2, MAP3K9, MMP1, MSH3, MST1R, MYCL1, NCAPD3, NF1, NF2, NOTCH3, PCDH15, PCSK7, PDGFRA, PER1, RBL1, RPS6KL1, SACS, STK38, TLN1, TP53, TPR, TRIO, TTN, WNK1, YSK4, ZNF423"
"MDST8","MDST8","adenocarcinoma","large intestine,colon","ECACC",-666,"cancer cell line",-666,"N","profiled",-666,"ABCA3, ADAM10, ADAMTS18, AIM1, AKAP6, ALK, ARFGEF1, ATP13A5, BAI3, BCL9, BIRC6, BRAF, CDK6, CHL1, COL14A1, CSF3R, CXCL10, DYRK1A, EPHB3, ERC1, ERCC2, FASN, FLNB, FLT4, GRIN2A, GUCY2F, IRAK4, KALRN, KDR, LRP1B, LRP6, MAP3K11, MAST2, MED13L, MKRN3, MYH10, MYLK3, NCOA2, NLRP3, NOS2, NRK, NSD1, ODZ1, OMD, PHF3, PIK3C3, PIK3R4, PKDCC, PKHD1, PLCG1, PLD1, PTEN, PXDN, RGL4, RIMS2, SGK223, SLC22A3, SORL1, STARD3, TESK1, TNIK, TTN, UNC79"
"NCIH1694","NCI-H1694|H1694","carcinoma,small cell","lung","ATCC","CRL-5888","cancer cell line","M","Y","profiled","ascites","AKT2, ASTN1, BIRC6, BLK, CBFA2T3, CHL1, CTBP1, CTNNA2, DST, EIF5A, EPHB6, EPS15, FLNB, LRP1B, MINK1, NKD2, PAPPA, PPARGC1A, PREX2, PRKCG, PRKDC, RB1, RBL1, RECQL4, TRRAP, TTN, ULK2, ZFYVE9"
"NCIH1836","NCI-H1836|H1836","carcinoma,small cell","lung","ATCC","CRL-5898","cancer cell line","M",-666,"profiled",-666,"ACVR1, ADAM18, ADAM32, AKAP4, ALK, APC, AR, ATR, BCL3, BRIP1, CDK12, CDK15, CDK18, CLTCL1, CSMD3, CUBN, CYLD, EP300, EPHA7, ERBB4, FBN1, FLT3, FMN2, GMPS, HBD, LATS1, LRP1B, LRRK2, MINK1, MUSK, MYO3A, NAV3, NLRP3, NUP214, ODZ1, PAK4, PCDH15, PDGFB, PRDM16, PREX2, RGS22, ROBO1, SLC14A1, TAF1, TP53, TSC2, TTN, WLS, ZNF643"
"NCIH2073","NCI-H2073","adenocarcinoma,NSCLC","lung","ATCC","CRL-5918","cancer cell line","F",-666,"profiled",-666,"AIFM1, AKAP6, ATP13A5, BIRC3, BMPR1B, BTK, CAMKV, CCNA1, CDKL1, COL1A1, CSMD3, DIP2C, EPHB2, ETV1, FAM123B, FBN1, FOXO4, GAK, GHR, GUCY1A2, IRS2, LRP1B, N4BP2, NCOA2, NOS2, OBSCN, ODZ1, PARP1, PAXIP1, PEX5L, PKHD1, PTCH1, RBBP8, ROCK2, STAT6, STK11, STK36, TNFRSF18, TP53, TRPS1, TTN"
"NCIH508","NCI-H508|H508","adenocarcinoma,colorectal","large intestine,cecum","ATCC","CCL-253","cancer cell line","M",-666,"profiled",-666,"AMHR2, BRAF, CAMKV, CARD14, CDH2, CNTRL, CREBBP, DOCK3, DYRK4, EPHA8, FBN1, FLNB, GPR141, GUCY2D, ITGB4, ITPR2, MAK, MAPK7, MET, MYO3A, NOS2, NUMA1, OLIG2, PALB2, PIK3CA, PRDM16, PRKAA1, PRKAA2, RGL1, ROBO1, TNK2, TOPBP1, UBE2O, YSK4"
"NCIH596","NCI-H596|H596","carcinoma,mixed adenosquamous","lung","ATCC","HTB-178","cancer cell line","M",-666,"profiled",-666,"AFF1, ALPK3, BIRC6, BMPR1A, BRIP1, CAMK1, CBFB, FBN2, GUCY2C, HECW1, INSR, JAZF1, LRP1, LRP1B, LTK, MAPK8, MSH2, PIK3CA, RAPGEF2, RB1, RBL1, SH3GL1, SRPK3, STAT6, TACC3, TMEM123, TOP1, TP53, TRADD, TRPS1"
"NCIH716","NCI-H716|H716","adenocarcinoma,colorectal","large intestine,cecum","ATCC","CCL-251","cancer cell line",-666,-666,"profiled",-666,"ABCC3, ALPK2, ATR, CDH1, CIC, EPHB4, FADD, GLI2, GUCY1A2, IL6ST, KRAS, MN1, NIPBL, ODZ1, PCDH15, PTPRD, RIF1, RPS6KL1, STK40, TAOK3, TBCK, TP53, TTN, ULK4, USP6, VEGFC, ZBTB16"
"NEU","NPC-8330-8 NEURONS","normal terminally differentiated NPc fibroblast-derived iPScs","CNS,iPS","haggarty@chgr.mgh.harvard.edu",-666,"primary",-666,-666,"core",-666,""
"NKDBA",-666,-666,-666,-666,-666,-666,-666,-666,"profiled",-666,""
"NOMO1","NOMO-1","leukemia,AML","haematopoietic,lymphoid","HSRRB",-666,"cancer cell line","F",-666,"profiled",-666,""
"NPC","NPC-8330-8 NEURAL PROGENITORS","normal stem fibroblast-derived iPScs","CNS,iPS","haggarty@chgr.mgh.harvard.edu",-666,"primary",-666,-666,"core",-666,""
"OV7",-666,"carcinoma","ovary","ECACC",-666,"cancer cell line","F",-666,"profiled",-666,""
"PC3","PC-3","carcinoma","prostate","ATCC","CRL-1435","cancer cell line","M","Y","core","bone","ABCA3, ASTN1, CXCR2, DAPK2, HDLBP, HOXA9, IL1A, LETM2, OBSCN, PRKCZ, ROBO2, TP53, TRRAP, TTN"
"PHH","HEPATOCYTES","normal primary liver","liver","CELLZDIRECT",-666,"primary",-666,-666,"core",-666,""
"PL21","PL-21","leukemia,AML","haematopoietic,lymphoid","DSMZ",-666,"cancer cell line","M","N","profiled",-666,"ADAM29, ALPK2, BIRC3, C6ORF97, CDK18, CIITA, DACH1, DGKB, FLT3, FSCB, GLI3, GRIN2B, ITGAV, KRAS, LCP1, MAST4, MECOM, MIF, MSN, MST1R, MTUS2, MYC, PPARA, RHPN2, RIPK4, RPGRIP1, RPL22, SMC2, SNX19, TAB1, TGFB3, TNIK, TP53, TRPS1, YSK4"
"RKO",-666,"carcinoma","large intestine","ATCC","CRL-2577","cancer cell line",-666,-666,"",-666,"ABCA3, ABL2, ACACA, ADAM12, ADAM22, ADAMTS18, ADAMTSL3, ADHFE1, AFF4, AGAP2, AIM1, AKAP12, AKAP6, AKT3, ARFGEF1, ARHGEF12, ARID1A, ASTN1, ATP11A, ATP13A5, B3GALT6, BAP1, BCL9, BCR, BIRC6, BLK, BMI1, BMPR1A, BRAF, BRCA1, BRCA2, BRCC3, BRD4, BRSK1, BUB1, CACNA1F, CASK, CASP3, CASP8, CDC34, CDC7, CDH3, CDK11B, CDK7, CDKL3, CFI, CHD5, CLTCL1, CNTRL, COL14A1, CPAMD8, CSMD3, CSNK1A1L, CSPP1, CTBP2, CXCR4, CYFIP1, CYP3A4, DACH1, DDR1, DHFR, DLL4, DNMT3B, DPYD, DST, DYRK1A, DYRK2, EIF3A, EIF4A2, EIF4G1, ELAVL1, ELK1, EP300, EPHB1, EPO, ERC1, ERN1, ETV1, EXT1, F8, FAM118A, FANCA, FANCE, FANCI, FASN, FBXO43, FES, FGFR1, FOXO3, FOXO4, FSCB, GCK, GLI1, GLTSCR1, GLYAT, GPR112, GRK4, GRK5, GRK6, GRK7, HAPLN1, HECW1, HERC2, HSP90AA1, IDH2, IFNG, IL17RD, IL21R, ING1, IRAK3, IRS1, ITGB4, JAG1, JARID2, KAT6A, KSR2, LAMA1, LATS2, LRP1, LRP1B, LRP2, LRP6, LRRC7, MAP3K1, MAP3K14, MAP3K4, MAPK4, MAPKAPK5, MARK2, MASTL, MCM4, MED13L, MERTK, MLH1, MLL, MLL3, MPPED2, MSN, MTUS2, MYBL2, MYC, MYH1, MYH9, MYLK, N4BP2, NCOA1, NEK9, NF1, NF2, NFKB1, NLRP6, NOS2, NOS3, NOTCH3, NPAT, NSD1, NTRK3, NUAK1, NUDT11, NUMA1, NUP98, NYNRIN, OBSCN, P2RX7, P4HB, PAFAH1B2, PAK7, PAPPA, PARP1, PARP9, PCDH15, PDE4DIP, PDIK1L, PIK3CA, PIK3R4, PIP4K2A, PIP5K1B, PKDCC, PKN1, PKN3, PLCG2, PLD1, PLEKHA5, PNCK, POU5F1B, PPM1E, PPP3R1, PRCC, PRDM16, PREX2, PRKD1, PSEN1, PSIP1, PTCH2, PTK7, PTPRD, PXK, RAD51B, RASGRF1, RGS22, ROBO1, ROCK1, RPS6KA2, RPTOR, SACS, SCRIB, SCYL1, SCYL3, SETDB1, SKIL, SLC22A3, SLCO4A1, SLK, SNX19, SOST, SP140, SPEG, STAR, STAT3, STK40, TAF1, TAF15, TET1, TGFB1, TGFBR2, TLN1, TNFRSF11B, TNFRSF9, TOP2A, TP53BP1, TRIB2, TRIM42, TRIO, TRRAP, TSC2, TSHR, TTBK1, TTK, TTN, UNC13C, WHSC1, XPO5, ZNF217, ZNF423"
"RMGI","RMG-I|RMG-1","carcinoma,clearcell","ovary","HSRRB",-666,"cancer cell line","F",-666,"profiled",-666,"ADAMTSL3, ATIC, BCL10, CCNT1, CDK18, CSPP1, DMPK, FBN2, KDR, MAP3K4, MASTL, MLL3, MYO3B, NCKIPSD, PSEN1, RRM2, SERPINB4, TAF1L, WDHD1, WNK2, WNK3"
"RMUGS","RMUG-S","carcinoma","ovary","HSRRB",-666,"cancer cell line","F","N","profiled",-666,"AFF3, ATP13A5, BUB1B, CHD1, CHD8, CHEK2, CSMD3, DGKB, DPYD, DST, FER, FLT3, GAS7, GLI1, GLI3, GPC3, HOXD11, IRS1, NUP210, NUP214, OBSCN, POU5F1B, RIOK1, SACS, TP53, TRIM37, TTN, ZNF423"
"SHSY5Y","SH-SY5Y","neuroblastoma","autonomic ganglia","ATCC","CRL-2266","cancer cell line","F","Y","profiled","bone_marrow","ANAPC5, AXIN1, CHEK2, HEPH, JUND, KAT6A, LRRK1, MLL3, MPL, PLCG1, SACS, SMARCA4"
"SKB",-666,"myoblast","muscle","Lonza","CC-2580","primary cell",-666,"N","profiled",-666,""
"SKBR3","SK-BR-3","carcinoma","breast","ATCC","HTB-30","cancer cell line","F","Y","profiled","pleural_effusion","AATK, ALS2, BCR, BUB1B, CCNA1, CNTRL, DBF4, DYRK4, ERBB3, GAB1, GLI3, HEPH, HERC2, ID1, IKBKE, KIT, LRP2, MLL3, MSH5, MST1R, MTMR11, MYO3A, NPR1, PKHD1, PLEKHA5, PRCC, SOS1, SPRY2, SRPK1, STAT5B, STK17B, TP53, TRAF2, TRIM67, UBR5, VPS13B"
"SKL",-666,"normal primary skeletal myocytes","skeletal muscle","LONZA","CC-2561","primary",-666,-666,"core",-666,""
"SKLU1","SK-LU-1","carcinoma","lung","ATCC","HTB-57","cancer cell line","F",-666,"profiled",-666,"APC, ARID1A, ASTN1, CSMD3, DCLK1, DNAH8, DST, DUSP6, EIF2AK3, EPHA6, EPHB1, EPHB6, FAM123B, FANCI, FBN1, FLT4, GAK, GRK4, HDAC3, HEPH, ICK, KDM6A, KRAS, LRP1, LRRK1, LSP1, LTBR, MAML3, MLLT1, MTUS2, MYO18B, MYO3A, NIN, PCDH15, PRKCE, PTPRD, PXDN, RAPGEF2, RIMS2, ROBO2, SCRIB, TAF1L, TMEM200A, TNN, TP53, TRIM33, TTN, WNK1, XPO5, ZNF423"
"SKM1","SKM-1","leukemia,AML","haematopoietic,lymphoid","HSRRB",-666,"cancer cell line","M",-666,"profiled",-666,"ADAMTSL3, AKAP6, CBFA2T3, FBXW7, KRAS, LRP2, MAPK4, MCM3AP, MSH2, OR2L13, PI4KA, PRKCE, RAG1, REM1, RICTOR, RIOK3, ROCK2, RPS6KC1, SPEN, SPTAN1, TP53, TRIM36, TTN"
"SKMEL1","SK-MEL-1","melanoma","skin","ATCC","HTB-67","cancer cell line","M","Y","profiled","thoracic_duct","ACACB, ARHGEF10, ASPH, BRAF, CTNNB1, DNAH8, EPHB4, EPHB6, FIP1L1, FUS, GUCY2C, HGF, HSP90AA1, ING1, ITIH5L, MEN1, MYH1, MYO3A, NLRP1, NOS3, PAK3, PIP4K2A, PRKD1, PXDN, RAD50, RASGRF2, ROBO1, TAOK2, TNIK, TTN, TXK, VRK2"
"SKMEL28","SK-MEL-28","melanoma","skin","ATCC","HTB-72","cancer cell line","M",-666,"profiled",-666,"ABCA3, ADAMTS19, ARFGEF1, ARID1A, BLM, BRAF, CDK4, CHEK2, CLTCL1, CSMD3, DST, EGFR, HDAC1, HEPH, JAK2, JAK3, MOS, MPPED2, MYH11, NAV3, NEK9, NLRP3, NRK, PAK7, PDZRN4, PTEN, SACS, SNRK, TP53, TSC1, TTN, UNC79"
"SNGM","SNG-M","carcinoma","endometrium,uterus","HSRRB",-666,"cancer cell line","F",-666,"profiled",-666,"ABL2, ACOXL, ADAM32, AFF1, AIFM3, AKAP12, AKAP9, AKT3, ALPK3, ALS2, ARHGEF10, ARID1A, ATP10A, ATRX, BAP1, BCKDK, BCL9, BIRC3, BIRC6, BRD4, BRSK2, CARD11, CARD14, CASK, CASP1, CDH3, CDK13, CDK5, CDKL4, CHD9, CIITA, CIT, CNTN5, COL4A3BP, CREBBP, CSK, CSNK1A1L, CSPG4, CSPP1, CTNNB1, CYLD, CYP17A1, CYP2B6, DDR2, DFFB, DICER1, DUSP6, EIF3H, EIF4A1, ERCC6, F8, FANCD2, FANCF, FANCG, FBN2, FES, FGFR3, FLNA, FLNB, FLT4, FMN2, FN1, GLTSCR1, GPR112, GPR119, GRB2, HERC2, HGF, HMMR, HSP90AB1, IGF1R, ITGB4, ITIH5L, KRAS, LMTK2, LMTK3, LRP1B, LRP2, LRRK2, MAMDC4, MAP2K1, MAP3K4, MAP3K5, MAP3K6, MAPK3, MAPK4, MAPK7, MAPK8IP2, MED13L, MKNK1, MRE11A, MSH6, MTOR, MYH1, MYH9, MYLK, MYO3B, NAV3, NCOA2, NCOA3, NFATC1, NIN, NLRP3, NPAT, NRK, NSD1, NUMA1, NUP214, PAPPA, PDCD1, PDE4DIP, PI4K2B, PI4KB, PIK3CA, PIK3R4, PKHD1, PKN1, PKN2, POU2AF1, PPP1R3A, PRPF4B, PTEN, RAG1, RALGDS, RANBP9, RBL2, RELA, REM1, RGL2, RIF1, RIMS2, ROR1, RUNX2, SBK2, SCYL2, SEPT6, SETDB1, SH3GL1, SHC1, SIK1, SIK2, SIRT1, SMG1, SPEN, STAR, STIL, TAF15, TESK2, TEX14, TFR2, TG, TGFBR1, THBS3, TLR4, TMEM200A, TNKS2, TNN, TNRC6B, TOP2B, TP63, TRAF2, TRIO, TRRAP, TSC1, TTN, TWF2, UBE2O, URB2, WNK1, WRN, YSK4, ZNF423, ZNF668"
"SNU1040","SNU-1040|NCI-SNU-1040","carcinoma","large intestine,colon","KCLB",-666,"cancer cell line","M","N","profiled",-666,"AATK, ABCA3, ABCC3, ABL1, ABL2, ACACA, ACACB, ACSL6, ACVR1B, ACVRL1, ADAM12, ADAM18, ADAM22, ADAM29, ADAMTS2, ADAMTS20, ADAMTSL3, ADCK3, ADCK4, ADRBK1, AFF3, AGAP2, AIM1, AKAP6, AKAP9, AKT1, ALK, ALPK1, ALPK2, AMHR2, ANAPC5, APC, AR, ARHGAP26, ARHGDIB, ARHGEF10, ARHGEF7, ARID1A, ARNT, ASH2L, ASPH, ASTN1, ATM, ATP10A, ATP11A, ATP8B1, AURKA, AURKC, AXL, BAG6, BAI1, BAX, BCKDK, BCL11B, BCL2L11, BCL6, BCL9, BIRC2, BIRC3, BIRC6, BLK, BLM, BMP4, BMPR1A, BRCA2, BRD4, BRIP1, C9ORF96, CARD10, CARS, CASC5, CASP10, CASP2, CASP4, CCDC165, CCNA1, CCND2, CD44, CD79B, CDC25A, CDC42BPA, CDC5L, CDC7, CDH1, CDH11, CDH2, CDH3, CDK10, CDK12, CDK13, CDK8, CHD1, CHD8, CHD9, CHIC2, CHL1, CHRNA5, CHUK, CIC, CIITA, CIT, CLK4, CLP1, CLPTM1, CLTC, CNBP, CNTN5, CNTN6, CNTRL, COL14A1, COL18A1, COL1A1, COL4A3BP, CPAMD8, CPNE5, CREBBP, CSF1R, CSF3R, CSK, CSMD3, CSNK1D, CSNK1G2, CSNK1G3, CSNK2A1, CSPG4, CTBP1, CTNNA2, CTNNB1, CTSL2, CTSS, CUBN, CXCR4, CYB5R4, CYLD, CYP17A1, CYP19A1, CYP1A2, CYP1B1, CYP2B6, CYSLTR2, DAB1, DACH1, DAPK1, DAPK2, DAPK3, DBF4, DBN1, DCLK2, DDR1, DDX10, DICER1, DLC1, DMPK, DNAH8, DNMT3B, DOCK3, DRD2, DST, DSTYK, DYRK1B, DYRK2, DYRK4, ECM1, EDNRA, EEF1D, EIF2AK2, EIF2AK3, EIF2AK4, EIF2B5, EIF4A1, EIF4E, EIF4G1, ELAVL1, EP300, EPHA1, EPHA10, EPHA4, EPHA6, EPHA7, EPHA8, EPHB1, EPHB2, EPHB3, EPHB4, EPHB6, EPO, EPS15, ERBB3, ERBB4, ERC1, ERCC5, ERCC6, ERG, ERN1, ERN2, ETV6, EWSR1, EXT1, EXT2, F12, FAM123B, FANCA, FANCC, FANCF, FANCI, FANCL, FBLN5, FBN1, FBN2, FBXW7, FFAR2, FGFR2, FGFR3, FGFR4, FGR, FH, FLCN, FLNA, FLT1, FLT3, FMN2, FN1, FOXO3, FSCB, FSTL3, FURIN, FYN, FZD1, GAK, GATA2, GHR, GLG1, GLI2, GNAQ, GNAS, GOLPH3, GOPC, GPHN, GPR112, GPR141, GPR183, GPR87, GRAMD1B, GRIA3, GRIN2B, GRK6, GRK7, GSG2, GUCY2D, GUCY2F, HAPLN1, HDAC1, HDAC2, HDLBP, HECW1, HERC2, HIF1A, HIP1, HIPK3, HIPK4, HLF, HNF1A, HNF1B, HNRNPH1, HOXA11, HOXA13, HOXC11, HRAS, HSP90AB1, HSPA1A, HUNK, IDH2, IGF1R, IKBKE, IKZF1, IL2RA, ING1, INHBA, INPP4B, INPP5D, INSR, INSRR, IRAK1, IRF4, IRS1, ITGA10, ITGA5, ITGAV, ITGB1, ITGB4, ITGB6, ITPR1, ITPR2, JAG1, JAG2, JAK1, JAK2, KALRN, KAT6A, KAT6B, KCNH2, KDM5A, KDR, KIAA1549, KIAA1804, KIAA2022, KIT, KSR2, KTN1, LAMA1, LATS1, LATS2, LCP1, LDLR, LIFR, LIMK1, LMNA, LMO1, LNX2, LOC100130776, LRP1, LRP1B, LRP2, LRP6, LRRC7, LRRK1, LTBR, MAFB, MAK, MAML1, MAML2, MAML3, MAP2K1, MAP2K3, MAP2K4, MAP2K7, MAP3K1, MAP3K10, MAP3K12, MAP3K13, MAP3K5, MAP3K6, MAP3K7, MAP3K9, MAP4K2, MAP4K4, MAP4K5, MAPK1, MAPK10, MAPK11, MAPK13, MAPK3, MAPK4, MAPK7, MAPK8IP2, MAPK9, MARK1, MARK3, MARK4, MAST1, MAST2, MAST3, MAST4, MCF2, MCM3AP, MDM2, MECOM, MED13L, MFSD2A, MGA, MINK1, MITF, MKL1, MKRN3, MLH1, MLL, MLL3, MLLT1, MLLT10, MLLT4, MMP2, MMP8, MN1, MNX1, MOS, MRE11A, MSH3, MSH5, MSH6, MSI2, MTOR, MTUS2, MYB, MYCN, MYH1, MYH10, MYH11, MYH9, MYLK3, MYO18B, MYO3A, MYT1, NCAM1, NCAPD3, NCOA2, NCOA4, NEDD8, NEDD9, NEK10, NEK11, NEK2, NEK5, NEK7, NEK8, NF1, NFKB2, NGF, NIN, NIPBL, NLK, NLRP1, NOS2, NOTCH1, NOTCH2, NOTCH3, NOTCH4, NOVA1, NR1H3, NSD1, NTRK3, NUAK2, NUMA1, NUP133, NUP153, NUP210, NUP214, NUP98, NYNRIN, OBSCN, ODZ1, OR2L13, ORMDL3, OXSR1, PAK1, PAK7, PALB2, PARP1, PARP9, PASK, PAX3, PBX1, PCDH15, PCM1, PDCD11, PDE4DIP, PDGFRA, PDGFRB, PDK1, PDK2, PDZRN4, PEAK1, PER1, PHF3, PHIP, PIK3C2A, PIK3C2B, PIK3CB, PIK3CG, PIK3R1, PIK3R2, PIM1, PINK1, PIP4K2A, PIP5K1A, PIP5K1C, PKHD1, PKN1, PLCB2, PLCG1, PLD1, PLK1, PLK4, PML, PNCK, PPARD, PPM1E, PPP1R3A, PPP3CC, PRAME, PRCC, PRDM16, PREX2, PRKACA, PRKACB, PRKCA, PRKCB, PRKCD, PRKCG, PRKCH, PRKCI, PRKCQ, PRKD1, PRKD2, PRKDC, PRKG2, PRPF4B, PSIP1, PSKH1, PSKH2, PTCH1, PTCH2, PTEN, PTGS2, PTK2, PTK2B, PTK6, PTPN11, PTPRD, PTPRT, PTPRU, PXDN, PXN, RAD21, RAD50, RALB, RALBP1, RAPGEF2, RARA, RARG, RASA1, RASGRF1, RASGRF2, RBL1, RBM15, RBPJ, REL, RELA, RGL2, RGS22, RICTOR, RIF1, RIMS2, RIPK2, RIPK3, RNASEL, ROBO1, ROBO2, ROCK1, ROCK2, ROR1, ROS1, RPGRIP1, RPS6KA1, RPS6KA2, RPS6KB1, RPS6KC1, RPS6KL1, RUNX1T1, RXRA, SACS, SCRIB, SCYL3, SEPT6, SEPT9, SERPINB4, SET, SGK196, SGK3, SH3GL1, SHH, SIK3, SKIL, SKP2, SLC22A3, SLC29A1, SLCO4A1, SMAD3, SMARCA4, SMC2, SMG1, SMO, SNRK, SORL1, SOS1, SPEG, SPEN, SPTAN1, SRPK1, SRPK3, STAG3, STAR, STAT1, STAT5A, STK10, STK11, STK17A, STK24, STK4, SULF1, SULF2, SYK, TAB1, TACC3, TAF15, TAF1L, TAOK2, TAOK3, TBK1, TBX18, TEC, TERT, TESK2, TET1, TET2, TEX14, TFG, TFPT, TFR2, TG, TGFBR1, TGFBR2, THRSP, TIAM1, TLE1, TLN1, TLX3, TMPRSS2, TNFAIP3, TNFRSF1A, TNFRSF8, TNFSF11, TNIK, TNK1, TNN, TNNI3K, TNRC6B, TOP1, TOP2A, TOX, TOX3, TP53, TP53BP1, TPPP, TPR, TRAF2, TRIB2, TRIB3, TRIM24, TRIM28, TRIM37, TRIO, TRPM6, TRPS1, TRRAP, TSHR, TSSK1B, TSSK2, TTN, TWF2, TYK2, TYRO3, UBE2O, UBE3B, UBR5, ULK1, ULK2, ULK4, UNC13C, URB2, VAV1, VDR, VEGFC, VPS13B, WBP4, WHSC1, WIF1, WNK1, XPC, XPO4, YES1, YSK4, YWHAH, ZAP70, ZMYM2, ZNF217, ZNF423, ZNF521, ZNF608, ZNF643"
"SNUC4","SNU-C4","adenocarcinoma","large intestine,colon","KCLB",-666,"cancer cell line","M","N","profiled",-666,"ABI1, ADAM28, ADAM29, ADAM32, ADAMTS20, AKAP6, AKAP9, ALK, AMHR2, APC, ARNT, ATP10A, ATP8B1, AXIN1, AXIN2, AXL, BCL9, BIRC6, BLK, BMP2K, BRCA1, BRIP1, BRSK1, BUB1, CASC5, CASP8, CCNG1, CDK12, CDK3, CHD1, CHD8, CHD9, CHN1, CHRNA3, CIC, CLPTM1, CLTC, CNTN6, COL14A1, COL4A3BP, CSF3, CSMD3, CTBP2, CTSL1, CTSS, CYFIP1, CYLD, DACH1, DIP2C, DMPK, DNAH8, DST, ELL, EPHA3, EPHA6, EPHA7, ERBB4, FANCM, FBXW7, FGFR1, FGFR2, FGFR3, FLNC, FN1, FZD1, GLG1, GRIN2B, HDAC2, HERC2, HGF, IDH1, IL1RAP, ING1, INSR, ITPR1, JAZF1, KALRN, KCNH2, KDM5A, KLK7, LCP1, LMNA, LNX2, LRGUK, LRP1, LRRC7, LRRK2, MAML2, MAPK3, MAPKAPK3, MASTL, MDM2, MGA, MIEN1, MKRN3, MLL3, MLLT6, MOK, MSH6, MTUS2, MUSK, MYLK, NAV3, NCAPD3, NF1, NF2, NIN, NLRP1, NOS2, NOTCH2, NPAT, NR1H3, NR2F1, NRBP1, NSD1, NTRK1, NUDT10, NUP153, NUP210, NUP98, OBSCN, ODZ1, OMG, PAK7, PARP1, PBX1, PCDH15, PDCD1, PDE4DIP, PHF3, PIK3CA, PLEKHA5, PLK1, PLK3, PMS2, PPARD, PREX2, PRKCG, PRKCH, PRKD1, PRKD3, PRPF4B, PRRX1, PTCH2, PTEN, RALGDS, RANBP9, RASGRF1, REL, RHOA, RIF1, RIPK4, ROBO1, ROBO2, ROCK2, ROR2, SACS, SCARA5, SCYL2, SEMA3B, SGK2, SHC1, SIK2, SIX4, SMG1, SOS1, SPEG, SPEN, STAG3, STRADA, SULF2, SYK, TCF12, TEK, TESK2, THBS3, TNFRSF9, TNK2, TNRC6B, TP53, TPO, TRIB1, TRIM24, TRPS1, TRRAP, TTBK1, TTK, TTN, UBR5, ULK2, ULK3, VDAC1, VRK2, WHSC1"
"SNUC5","SNU-C5","adenocarcinoma","large intestine,colon","KCLB",-666,"cancer cell line","F","N","profiled",-666,"ABL2, ACACB, ACSL6, ADAM10, ADAM28, ADAM29, ADAM32, ADAMTS20, ADCK2, ALDH7A1, ALS2, ANKK1, APC, ARHGAP29, ARID1A, ASTN1, ATM, AXL, BCL3, BCL9, BRAF, BRCA2, BRSK2, BTRC, CAMK2B, CASP1, CASP10, CCDC165, CCNB1IP1, CDK11B, CDK20, CDKL1, CDKL2, CDKN1A, CHD1, CHD9, CHEK2, CHN1, CHUK, CIT, CLK2, COL14A1, COL3A1, CREBBP, CRKL, CRTC1, CSMD3, CSNK2A2, CSPG4, CSPP1, CTDSPL, CUBN, CYLD, CYP24A1, DBN1, DGKB, DLC1, DNAH8, DUSP6, DYRK2, EHBP1, EIF2AK1, EIF3A, EIF4G1, ELF4, EML4, EP300, EPHA4, EPHA6, EPHB2, ERBB3, ERLIN2, ETV6, F8, FANCC, FANCI, FASN, FBN2, FBXW7, FGFR3, FLNC, FNBP1, FOXE1, FOXO3, FRS2, FZD1, GLI3, GLYATL2, GNAS, GRIK1, GRIN2A, GRK1, HEPH, HERC2, HIPK1, HIPK4, HNF1A, HSPA4, IFNA2, IKBKB, IKZF1, IL1R1, INPP5D, INSR, IRAK3, ITGA7, ITGB6, JAG1, JARID2, JUNB, KALRN, KDM5A, KIAA1549, KIAA1804, LAMA1, LATS1, LIF, LIFR, LIMK1, LRGUK, LRP1, LRP1B, LRRK2, MAP2K2, MAP2K4, MAP2K7, MAP4K3, MARK2, MECOM, MED13L, MELK, MEN1, MGA, MITF, MLL3, MLLT4, MSN, MTOR, MYC, MYCL1, MYH1, MYH9, MYLK, MYLK2, MYO3A, NAV3, NEK4, NFKB1, NIPBL, NLRP3, NOTCH3, NOTCH4, NTRK3, NUAK2, NUMA1, NYNRIN, OBSCN, ORMDL3, P4HB, PAX3, PAXIP1, PBK, PCDH15, PCM1, PDE4DIP, PDK3, PDK4, PEAK1, PER1, PHF3, PHIP, PHKG1, PI4KA, PIK3CA, PIP5K1C, PKHD1, PKN3, PLD1, PLK4, PML, PRDM16, PRKAA1, PRKACA, PRKACG, PRKCH, PRKCI, PRKCQ, PSIP1, PTPRC, PTPRD, RAG1, RGS22, RIF1, RIOK2, ROBO1, ROBO2, ROR1, ROR2, ROS1, RPGRIP1, RPS6KA3, RPS6KA6, RPS6KL1, SACS, SBK2, SHC1, SMURF1, SNX19, SORL1, SOX2, SPEG, SPTAN1, SRPK2, STIL, STK10, STK38L, STK39, SYK, TAB1, TAOK3, TBK1, TESK2, TFDP1, THRAP3, TIE1, TLE1, TLR9, TNNI3K, TOP2B, TP53, TP63, TPR, TRIO, TRPS1, TRRAP, TSSK3, TSSK4, TTN, UBR5, ULK1, ULK2, VCPIP1, VPS13B, VRK1, WNK2, XPO4, YSK4, ZNF331, ZNF521, ZNF668"
"SW480",-666,"adenocarcinoma,colorectal","large intestine,colon","ATCC","CCL-228","cancer cell line","M",-666,"profiled",-666,"ADAM12, APC, ARFGEF1, ATM, C15ORF2, CHD9, COL3A1, CSNK1G3, DBF4, DCLK3, DNAH8, ECM1, EPHA8, EPS15, ERBB2, ESR2, FMN2, GLI3, GRAMD1B, IL1RAP, ISG15, KAT6B, KIAA1804, KRAS, LAMA1, LRP1B, LRP2, MSMB, MTUS2, MYB, NYNRIN, PIKFYVE, PPARD, RASGRF1, RHPN2, RIMS2, RIOK1, RIPK2, ROS1, RPS6KA6, RPS6KL1, SPEG, STK31, TET1, TGFBR1, TIAM1, TTN, UNC13C"
"SW620",-666,"adenocarcinoma,colorectal","large intestine,colon","ATCC","CCL-227","cancer cell line","M","Y","profiled","lymph_node","ADAM22, ADAMTS19, ADAMTS2, APC, BTRC, CAD, CCND2, CHUK, CLTC, CNTN5, CSNK1G3, DGKG, DNMT1, DPYD, EIF3A, EP300, ESR2, FASN, FIGF, GHR, GRIK1, HERC2, IL1R1, ISG15, KAT6B, KIAA2022, KRAS, LRP1B, MARK1, NFIA, NONO, OBSCN, PRKDC, PRKG2, PRKX, RAG1, RASGRF1, RHPN2, RIOK1, RIPK2, SIRT1, SPP1, STARD3, STK36, TRIO, TTN, UNC13C, WNK3"
"SW948",-666,"adenocarcinoma,colorectal","large intestine,colon","ATCC","CCL-237","cancer cell line","F",-666,"profiled",-666,"AKAP6, APC, ARID1A, ATM, BCL3, BCR, CARS, CDC42BPB, CDKL3, CUBN, CYP19A1, DCLK1, EPHA3, EPHB6, FLI1, FLNC, FRK, HIP1, KRAS, LDLR, LRP1, MAP2K7, MBIP, MRE11A, NOTCH4, NR3C1, PASK, PDZRN4, PI4KB, PIK3CA, PPP1R3A, RHOA, RIOK1, RPS6KA2, RUNX2, SERPINB4, SMAD4, SSU72, TTN, ZNF423"
"T3M10","T3M-10","carcinoma,large cell","lung","RIKEN",-666,"cancer cell line","M","N","profiled",-666,"ADAMTS19, ADAMTS2, ADCK1, ARHGEF7, BCL6, BIRC3, BUB1, CIC, COL14A1, DCLK3, EPHB6, ERN2, ESR2, GHR, GOLGA5, GRIN2B, KAT6A, KRAS, LRP1B, MAPK14, MGA, MLKL, MYO3A, NOTCH3, NUP98, ODZ1, PCDH15, PCM1, PER1, PSKH1, PTPRD, ROR2, SMG1, STK17B, STK32B, TEX14, TMEM200A, TNNI3K, TP53, TP53BP1, UBR5, WRN"
"THP1","THP-1","leukemia,acute monocytic","haematopoietic,lymphoid,monocyte","ATCC","TIB-202","cancer cell line","M",-666,"profiled",-666,"ATF1, ATM, ATP11A, BCL9, BLNK, CDK14, CYP1B1, EIF2AK4, F8, FANCD2, FANCG, FBN2, FGF2, HERC2, MELK, MLLT4, NIN, NRAS, PALB2, PARP9, PICALM, PLCG1, RALBP1, TP53, TP73"
"TYKNU","TYK-NU","carcinoma,undifferentiated","ovary","HSRRB",-666,"cancer cell line","F",-666,"profiled",-666,"ALK, ASPH, ATRX, BCL11A, BRD3, CDC42BPG, CDK12, CSPP1, CUBN, DDR1, DLL1, DYRK3, EPHA3, EPHA7, ERCC4, FLNC, LRP2, MLL3, MMP9, MSH2, NAV3, NPM1, NRAS, OLFM4, PKHD1, RIMS2, SLC22A15, SLC22A3, SPTAN1, SRPK1, TAOK2, TP53, TRIM36, TRIM67"
"U266","U-266","myeloma","haematopoietic,lymphoid","DSMZ","ACC9",-666,-666,-666,"",-666,""
"U2OS","U-2 OS","osteosarcoma","bone","ATCC","HTB-96","cancer cell line","F",-666,"",-666,"APBB1IP, ARFGEF1, CCDC165, EHBP1, GLTSCR1, HORMAD1, LIFR, MAP3K4, MAP4K4, MCM3AP, MYLK, NUP210, PAXIP1, PIK3R4, PREX2, ROBO2, SHH, SMC2, SPTAN1, TRIM28, TRIM42, TSSK6, TTN"
"U937","U-937","lymphoma,diffuse large B cell","haematopoietic,lymphoid,macrophage","ATCC","CRL-1593.2","cancer cell line","M",-666,-666,-666,"ABCA3, ACACA, CCNT1, CDK11B, CNBP, CYFIP1, DOCK3, FKBP1A, HUNK, JAK3, MAP4K1, MED13L, MKRN3, NPAT, PI4KA, PKHD1, PPM1E, PTEN, PTPN11, RAG1, SPP1, STAT5A, TTN"
"VCAP",-666,"carcinoma","prostate","ATCC","CRL-2876","cancer cell line","M","Y","core","vertebra","C6ORF97, CSNK1G3, EPHA6, MAP4K4, OBSCN, RGL4, RICTOR, TP53, TSSK4, YAP1"
"WSUDLCL2","WSU-DLCL2","lymphoma,diffuse large B cell","haematopoietic,lymphoid","DSMZ",-666,"cancer cell line","M","Y","profiled","pleura","ADAM28, AKAP12, ATP11A, ERBB4, FBN2, FGFR4, FLT3, INSRR, LRP1B, MLLT10, PCDH15, PDGFRA, RALGDS, ROR1, TAL1, TP53, WDHD1, WEE1, WNK1"
